domain,Country,2017,2020,2025,2030,2035,2040,2045,2050,2055,2060
ForStock,Algeria,128,125.2,123.3,119.9,114.8,108,99.2,88,73.8,55.7
ForStock,Angola,2251,2230,2196.4,2164.9,2135.5,2105.3,2074.3,2042.5,2016.4,1996
ForStock,Benin,166,158.2,145.5,130.5,113.1,93.1,70.3,44.2,14.1,0
ForStock,Botswana,761,753.9,747.7,749.5,758.7,772.8,791.3,813.7,838.2,864.7
ForStock,Burkina Faso,247,224.3,186.1,141.6,89.8,29.2,0,0,0,0
ForStock,Burundi,21,22,23.9,25.8,27.6,29.3,31,32.6,34.1,35.5
ForStock,Cameroon,5829,5622.3,5296.5,4994.7,4715.4,4461,4230.3,4022.3,3836,3670.5
ForStock,Cape Verde,13,13.3,13.8,14.4,15,15.7,16.5,17.3,18.2,19.2
ForStock,Central African Republic,3760,3750.1,3734.4,3719.9,3706.9,3696,3687.5,3681.8,3679.6,3681.4
ForStock,Chad,215,206.1,191.2,174.9,157.1,137.8,116.8,94.1,69.5,42.6
ForStock,"Congo, Republic of",4535,4521.8,4508.7,4512.5,4535.6,4569.3,4614.3,4670.8,4736.8,4812.4
ForStock,Cªte d'Ivoire,2651,2650.2,2649.5,2649.2,2649.2,2653,2661.1,2674.3,2693.9,2720.3
ForStock,Djibouti,1,1.1,1.2,1.3,1.4,1.5,1.6,1.7,1.8,2
ForStock,Egypt,9,9.5,10.3,11.2,12.1,13,14,15.1,16.3,17.6
ForStock,Equatorial Guinea,261,253.5,241.4,229.7,218.3,208,198.7,190.3,182.9,176.3
ForStock,Ethiopia,247,233.2,210.8,188.9,167.5,146.7,126.3,106.4,86.9,67.8
ForStock,Gabon,4905,4907.4,4914.1,4924.9,4939.5,4966,5004.2,5054.1,5115.2,5186.2
ForStock,Gambia,21,20.9,21,21,20.9,20.8,20.7,20.6,20.5,20.5
ForStock,Ghana,262,241.3,209.6,180.9,154.7,131.3,110.1,90.6,72.4,55.1
ForStock,Guinea,518,505.1,484.1,460.7,434.8,406.5,375.7,342.2,305.8,266.1
ForStock,Guinea-Bissau,66,63.6,59.8,55.2,49.7,43.2,35.6,26.7,16.2,3.7
ForStock,Kenya,664,644.4,614.1,578.2,536.4,488.3,433.1,369.8,297,212.1
ForStock,Lesotho,3,3.1,3.4,3.7,4,4.3,4.6,5,5.4,5.8
ForStock,Liberia,673,644.3,597.1,550.4,504.2,458.3,412.6,367,321.1,274.6
ForStock,Libyan Arab Jamahiriya,8,8,8,7.9,7.8,7.7,7.6,7.5,7.4,7.4
ForStock,Madagascar,2122,2076.5,2001.4,1926.5,1851.9,1777.4,1703.1,1629.1,1555.3,1481.8
ForStock,Malawi,351,335.9,310.7,284,255.7,225.8,194.3,160.9,125.5,87.8
ForStock,Mali,250,240.5,224.5,206.9,187.7,166.8,144,119.1,92,62.4
ForStock,Mauritania,4,3.9,3.7,3.5,3.3,3.2,3.1,3,2.9,2.8
ForStock,Mauritius,3,3.1,3.2,3.3,3.4,3.5,3.6,3.8,4,4.2
ForStock,Morocco,208,221.6,250.1,283.4,322.3,367.8,420.9,482.7,554.5,637.6
ForStock,Mozambique,1428,1401.3,1356.9,1309.7,1259.7,1207.4,1153.1,1096.8,1038.7,978.9
ForStock,Niger,13,12.1,10.6,8.8,6.7,4.3,1.4,0,0,0
ForStock,Nigeria,1025,820.6,491.6,141.1,0,0,0,0,0,0
ForStock,R?union,17,17,17,17,17,17,17,17,17,17
ForStock,Rwanda,89,96.2,109.7,125.4,143.7,165,189.8,218.7,252.2,291
ForStock,Sao Tome and Principe,5,4.9,4.7,4.5,4.3,4.1,3.8,3.5,3.2,2.9
ForStock,Senegal,318,311.4,300.4,289,277.1,264.9,252.3,239.3,226,212.4
ForStock,Sierra Leone,117,113.1,107.4,100,90.7,79.3,65.5,48.9,28.9,4.5
ForStock,Somalia,160,154.9,146.8,139.2,132.1,125.4,119.2,113.5,108.2,103.3
ForStock,South Africa,748,787.2,867.8,954.9,1048.3,1148.6,1262.7,1391.4,1537.6,1702.8
ForStock,Sudan,1012,1020,1036.7,1055.2,1076.1,1099.7,1126.4,1156.9,1191.5,1230.8
ForStock,Swaziland,22,21.8,22.3,22.9,23.6,24.4,25.1,25.7,26,25.8
ForStock,"Tanzania, United Rep of",1214,1153,1052.1,946.5,836.4,722,603,479.2,350.4,215.9
ForStock,Togo,7,5.4,3.1,1.3,0,0,0,0,0,0
ForStock,Tunisia,30,31.3,33.3,35.3,37.1,38.7,40.1,41.3,42.3,43.2
ForStock,Uganda,119,107,87.6,67.9,48,28.1,8.4,0,0,0
ForStock,"Congo, Dem Republic of",35255,34936.5,34400,33851.4,33290.2,32720.3,32141.4,31553.4,30958.3,30356
ForStock,Zambia,2730,2650,2517.8,2386.8,2257,2128.8,2002.1,1876.6,1752.6,1629.8
ForStock,Zimbabwe,551,508.3,441.4,378.5,319.3,263.9,211.3,160.3,108.9,55.7
ForStock,Bahamas,46,46.2,46.5,46.8,47.1,47.4,47.7,48,48.3,48.6
ForStock,Barbados,1,1,1,1,1,1,1,1,1,1
ForStock,Belize,217,212.5,205.7,199.8,194.8,190.6,187.1,184.2,181.9,180.2
ForStock,Canada,33043,32982.2,32874.2,32733.4,32546.5,32354.7,32142.6,31913.6,31714.4,31541.3
ForStock,Saint Lucia,1,1.2,1.6,2.1,2.7,3.3,4,4.8,5.7,6.7
ForStock,Costa Rica,298,309.6,330.8,353.6,378,404.4,433,463.8,496.8,532
ForStock,Cuba,292,326.1,390.2,464.1,548.2,644,752.3,873.6,1009,1158.9
ForStock,Dominica,3,3,3,3,3,3,3,3,3,3
ForStock,Dominican Republic,124,123,121.4,119.9,118.5,117.3,116.2,115.3,114.4,113.6
ForStock,El Salvador,17,17.1,17.3,17.3,17.2,17,16.6,16.1,15.5,14.9
ForStock,Guatemala,581,529.5,445.9,360.5,272.5,180.8,83.7,0,0,0
ForStock,Haiti,6,6.2,6.6,7,7.4,7.8,8.2,8.7,9.2,9.7
ForStock,Honduras,574,531.4,464.8,401.8,342,285.1,230.7,178.2,127.2,77
ForStock,Jamaica,54,54.2,54.6,55.2,56,56.9,58,59.2,60.5,62
ForStock,Martinique,15,15.2,15.6,16,16.4,16.8,17.2,17.6,18,18.4
ForStock,Mexico,2927,2904.6,2874.1,2847.4,2823.1,2802.9,2785.8,2770.6,2756.8,2743.6
ForStock,Netherlands Antilles,0,0,0,0,0,0,0,0,0,0
ForStock,Nicaragua,420,388,337.8,290.5,245.8,203.6,163.5,125.2,88.1,51.8
ForStock,Panama,654,645.6,633.7,624.8,618.3,613.1,609,605.9,603.7,602.2
ForStock,Saint Vincent/Grenadines,2,2.1,2.2,2.3,2.4,2.5,2.6,2.7,2.9,3.1
ForStock,Trinidad and Tobago,23,22.5,21.5,20.2,18.7,17.3,16,14.8,13.7,12.8
ForStock,United States of America,50421,51732.7,53941,56043.5,58037.2,59995.9,61955.9,63930.7,65990.6,68139.8
ForStock,Argentina,2900,2840,2754.8,2688.1,2636.2,2592.7,2556.3,2525.5,2500.2,2479.4
ForStock,Bolivia,4137,4075.4,3979.9,3895.1,3820.7,3761.8,3718.2,3689.6,3675.5,3675.2
ForStock,Brazil,124809,123518.1,121714,120419,119575.7,119118.1,119012.1,119197.2,119663.5,120330.6
ForStock,Chile,3113,3052,2951.9,2846.8,2736.4,2612.1,2477.3,2342.5,2212,2085.1
ForStock,Colombia,8925,8862.4,8775.1,8714.9,8680.3,8670,8682.5,8715.9,8769.9,8840.9
ForStock,Ecuador,1332,1249.6,1127.7,1024.7,937.4,861.3,794.6,735.9,683.8,637
ForStock,French Guiana,2824,2823.2,2821.8,2820.4,2819,2817.5,2816,2814.5,2813,2811.5
ForStock,Guyana,2210,2212.3,2218.6,2229,2243.6,2264.4,2291.4,2324.4,2362.6,2405.5
ForStock,Paraguay,1684,1629.1,1544.1,1467.3,1397.9,1337.6,1285.1,1239.3,1198.1,1160.6
ForStock,Peru,8086,8031.3,7959.7,7919.2,7907.9,7914.9,7939,7978.6,8030.9,8094.2
ForStock,Suriname,3386,3382.9,3385,3398.8,3423.7,3454.7,3491.6,3533.8,3580.6,3631.4
ForStock,Uruguay,161,153.1,141.8,126.2,104.8,83.5,64.5,47.3,30.6,15
ForStock,"Venezuela, Boliv Rep of",6519,6399.6,6203.9,6011.5,5822.1,5636.6,5454.9,5277,5103.1,4933
ForStock,Afghanistan,25,26.8,31.3,36.2,41.3,47,53.4,60.6,68.8,78.2
ForStock,Bahrain,1,1.1,1.2,1.4,1.6,1.8,2,2.2,2.4,2.6
ForStock,Bangladesh,70,70.8,72.1,73.4,74.7,76.1,77.6,79.3,81.2,83.5
ForStock,Bhutan,689,701.2,723.9,750,779.8,812.3,847.5,885.6,926.8,971
ForStock,Brunei Darussalam,70,68.6,65.6,61.1,55,49.6,44.8,40.5,37.2,34.6
ForStock,Cambodia,913,879.6,827.6,780.2,738.1,699.1,663.2,630.3,598.7,568.3
ForStock,China,16727,17611.3,19222.4,20808.1,22235.4,23792.8,25440.9,27158.7,29057.4,31167.3
ForStock,Cyprus,9,8.9,8.8,8.7,8.6,8.5,8.4,8.3,8.2,8.1
ForStock,Maldives,1,1.1,1.2,1.3,1.4,1.5,1.6,1.7,1.8,2
ForStock,India,6200,6414.2,6802.3,7199.5,7606.6,8071.7,8591.8,9165.7,9806,10535.8
ForStock,Indonesia,10443,10124.8,9645.4,9235.9,8882.4,8552.4,8242,7946.3,7663.5,7385.4
ForStock,"Iran, Islamic Rep of",549,549.1,549.6,550.2,550.9,552.6,555.7,560.2,566.4,574.3
ForStock,Iraq,40,39.4,38.5,37.6,36.6,35.6,34.5,33.3,32.1,30.8
ForStock,Israel,6,5.7,5.1,4.6,4.1,3.6,3.2,2.9,2.6,2.4
ForStock,Japan,2482,2456.9,2413.3,2363.3,2306.6,2250.9,2194.3,2138.2,2084.2,2032.1
ForStock,Jordan,4,3.9,3.9,3.9,3.9,3.9,3.9,3.9,3.9,3.9
ForStock,"Korea, Dem People's Rep",334,307.2,263.9,220.3,176.6,133,89.6,46.4,3.5,0
ForStock,"Korea, Republic of",791,916.6,1158.8,1433,1739.5,2081.9,2462.1,2881.6,3342.6,3846.6
ForStock,Kuwait,1,1.1,1.2,1.3,1.4,1.5,1.7,1.9,2.1,2.3
ForStock,Laos,915,893.7,859.1,825.2,791.6,758.7,726.9,695.8,665.5,635.8
ForStock,Lebanon,5,4.8,4.5,4.2,3.9,3.7,3.5,3.3,3.1,2.9
ForStock,Timor-Leste,82,78.8,73.7,68.9,64.3,60,55.9,52.1,48.5,45.1
ForStock,Malaysia,4173,4267.3,4438.4,4622.8,4820.2,5038.8,5280.2,5543.3,5824.7,6124.3
ForStock,Mongolia,1372,1341.3,1295.5,1257.9,1228.2,1203.2,1182.8,1166.6,1154.3,1145.6
ForStock,Myanmar,1444,1380.9,1277.9,1166.3,1046.2,916.7,777.1,626,461.8,281.9
ForStock,Nepal,681,687.5,700.6,713.7,726.8,740.1,753.8,768.1,783.3,799.7
ForStock,Oman,1,1.1,1.2,1.4,1.6,1.8,2,2.2,2.4,2.6
ForStock,Pakistan,141,120.7,89.3,61.2,36.3,14.2,0,0,0,0
ForStock,Philippines,1310,1321.9,1344,1368.4,1395.1,1424.8,1457.5,1493.2,1531.9,1573.5
ForStock,Qatar,1,1.1,1.3,1.5,1.7,1.9,2.1,2.3,2.6,2.9
ForStock,Saudi Arabia,9,8.8,8.5,8.2,7.9,7.5,7.1,6.7,6.2,5.7
ForStock,Singapore,1,0,0,0,0,0,0,0,0,0
ForStock,Sri Lanka,37,34.5,30.3,26.1,21.9,17.8,13.8,9.8,5.8,1.8
ForStock,Syrian Arab Republic,16,16.6,17.6,18.7,19.8,21,22.3,23.7,25.3,27
ForStock,Thailand,857,833.4,799,757.2,706.6,652.8,596.5,536.3,472.6,404.1
ForStock,Turkey,1650,1688.3,1753,1812.3,1863.4,1912.5,1960,2006.2,2053.6,2100.6
ForStock,United Arab Emirates,16,16.6,17.5,18.4,19.3,20.2,21.1,22,22.9,23.8
ForStock,Viet Nam,966,966.7,973.9,977.6,975.4,975.4,979.7,987.8,1002.3,1023.8
ForStock,Yemen,6,5.6,4.9,4,2.8,1.2,0,0,0,0
ForStock,Australia,9213,9028.9,8800.3,8649.7,8535.6,8438.1,8354.4,8279,8210.9,8149
ForStock,Cook Islands,1,1,1,1,1,1,1,1,1,1
ForStock,Fiji Islands,66,66.2,66.6,67,67.3,67.7,68.1,68.4,68.8,69.2
ForStock,French Polynesia,11,12.2,14.6,17.5,20.9,25,29.9,35.8,42.9,51.4
ForStock,New Caledonia,53,53.1,53.2,53.3,53.4,53.5,53.6,53.7,53.8,53.9
ForStock,New Zealand,3719,3682.2,3620.8,3554.4,3479.6,3406.7,3338.1,3272,3210.9,3154.4
ForStock,Papua New Guinea,2672,2621.7,2546.9,2487.2,2443.1,2406,2376.1,2352.9,2335.3,2323
ForStock,Samoa,16,16.1,16.3,16.6,17,17.4,17.9,18.4,19,19.6
ForStock,Solomon Islands,208,198.5,183.1,168,153.2,139.4,126.9,115.4,105,95.7
ForStock,Tonga,1,1,1,1,1,1,1,1,1,1
ForStock,Vanuatu,28,27.9,27.7,27.5,27.3,27.1,27,26.9,26.9,26.9
ForStock,Albania,78,76.1,73.2,70.7,68.5,66.6,65,63.6,62.4,61.4
ForStock,Austria,1168,1186,1217.4,1245.5,1269.3,1293,1317.1,1341.6,1369,1398.5
ForStock,Belgium,182,181.3,180.7,180.7,178.1,173.1,168.4,164,160.2,158.8
ForStock,Bosnia and Herzegovina,372,377.5,388.3,400.6,413.9,428.6,444.7,462.1,481.4,502.5
ForStock,Bulgaria,756,820.7,938.9,1069.3,1211.2,1368.2,1541.5,1731.6,1941.1,2171.1
ForStock,Croatia,457,474.5,506.5,541.7,579.5,619,657.3,697.7,740.8,786.7
ForStock,Czech Republic,862,888,934.8,977.5,1014.4,1052.7,1094.4,1136.8,1178.4,1211.5
ForStock,Denmark,122,127.7,139.5,151.7,163.4,175.6,188.5,202.1,216.6,232.1
ForStock,Finland,2341,2356.4,2386,2394.3,2375.8,2351.8,2318.8,2275.6,2229.6,2180.2
ForStock,France,2851,3002,3266.4,3525.6,3778,4037.8,4309.1,4591.9,4891.3,5208.1
ForStock,Germany,4070,4283.4,4672,5068.9,5466.8,5878.1,6307.3,6757.1,7239.6,7757.3
ForStock,Greece,197,204.3,216.4,228.1,239.1,249.7,259.8,269.6,279.4,289.3
ForStock,Hungary,391,403.1,424.7,446.9,469.2,492.6,517.2,542.9,570,598.4
ForStock,Luxembourg,27,27.1,27.3,27.4,27.4,27.4,27.4,27.3,27.2,27.1
ForStock,Ireland,92,96.9,104.6,109.9,112.8,115.1,116.9,118.2,119.5,120.9
ForStock,Italy,1557,1639.7,1769.4,1883.7,1987.1,2088.6,2190,2292.6,2398.5,2509.1
ForStock,"Macedonia,The Fmr Yug Rp",77,76.7,76.4,76.3,76.3,76.4,76.7,77,77.4,77.8
ForStock,Montenegro,72,68.4,62.5,56.7,50.9,45.2,39.6,34.1,28.6,23.2
ForStock,Netherlands,80,76.5,70.9,64.9,58.4,51.5,44.2,36.4,28,19
ForStock,Norway,1130,1199.7,1309.1,1405,1490.9,1576.3,1663.6,1753,1846.7,1945
ForStock,Poland,2372,2475,2662,2851.5,3040.3,3240.6,3448.2,3661.7,3893,4142.7
ForStock,Portugal,211,206.1,200.6,190.8,175.8,156.3,131.9,106.1,81.7,58.5
ForStock,Romania,1463,1486.9,1528.3,1569.3,1608.7,1648.6,1689.9,1733.2,1781.5,1837.8
ForStock,Slovakia,568,585,615,643,668.1,694.1,722.2,750.9,779.8,807.5
ForStock,Slovenia,486,511.4,556.5,603.1,650.7,700.9,754.2,810.5,870.4,933.9
ForStock,Spain,1013,1067.2,1156.7,1238.1,1310.7,1380.5,1447.7,1511.5,1573.6,1638.2
ForStock,Sweden,3638,3664.4,3710.8,3737.4,3737.1,3720.6,3694.1,3657.7,3620.3,3581.6
ForStock,Switzerland,455,467.8,488.6,507.3,524,539.6,554.4,568.5,582.7,597.3
ForStock,United Kingdom,426,431.3,438.1,439.4,435.1,429.8,423.5,416.4,410.4,405.6
ForStock,Serbia,626,706.1,860.6,1041.4,1247.9,1487.4,1762,2073.1,2426.2,2823.6
ForStock,Armenia,31,25.4,16.4,7.7,0,0,0,0,0,0
ForStock,"Azerbaijan, Republic of",127,125.5,123.2,121.3,119.8,118.3,116.9,115.5,114.2,112.9
ForStock,Belarus,1863,1956,2126.4,2310.6,2508.4,2724.7,2961.9,3219.5,3492.1,3768.2
ForStock,Estonia,458,438.5,407,375.2,342.4,310.6,280.2,250.7,222.8,196.3
ForStock,Georgia,485,491.7,505.8,524.6,547.3,571.1,595.9,621.8,649,677.5
ForStock,Kazakhstan,366,364.9,364.2,365.2,367.6,370.4,373.6,377.2,381.3,385.9
ForStock,Kyrgyzstan,65,75.2,94.9,118.3,145.4,178.2,216.7,261.4,313.5,374
ForStock,Latvia,751,796.8,880.4,966.4,1052.8,1144.3,1242.4,1346.6,1458.8,1579.3
ForStock,Lithuania,491,496.6,506,513.7,518.9,524.1,529.7,535.4,541.7,548.2
ForStock,"Moldova, Republic of",51,49.8,47.6,45.1,42,38.4,34.4,29.9,24.9,19.5
ForStock,Russian Federation,82745,82697.3,82734,82925.7,83229.1,83608.5,84041.8,84517.3,85044.3,85610.7
ForStock,Tajikistan,5,0,0,0,0,0,0,0,0,0
ForStock,Turkmenistan,15,15.2,15.6,16.1,16.7,17.4,18.1,18.8,19.5,20.3
ForStock,Ukraine,2366,2491.3,2720.5,2974.3,3255.8,3564.3,3903.1,4274.5,4680.7,5124.3
ForStock,Uzbekistan,29,32.2,38.3,45.3,53.5,62.8,73.2,84.9,97.8,112.1
ForArea,Algeria,1430,1404.4,1365.1,1330.7,1301,1278.1,1261.7,1251.6,1246.3,1245.5
ForArea,Angola,57624,57278.9,56748.1,56288.9,55901,55505.5,55102.9,54693.3,54452.8,54383.3
ForArea,Benin,4220,4082.3,3864.8,3662.5,3474.5,3301.4,3142.5,2997.1,2865.3,2746.7
ForArea,Botswana,10547,10233.7,9803.2,9502,9310.2,9186.2,9117.7,9092.4,9088,9099.8
ForArea,Burkina Faso,5246,5090.2,4841.4,4605.9,4383,4174.3,3979.2,3797,3629,3474.9
ForArea,Burundi,159,154.3,146.8,139.7,133.1,126.9,121,115.5,110.3,105.5
ForArea,Cameroon,18410,17809.1,16872.1,16020.6,15250,14563.2,13956.8,13427.7,12971.9,12586.9
ForArea,Cape Verde,85,85.5,86.4,87.4,88.6,89.9,91.3,92.8,94.5,96.3
ForArea,Central African Republic,22410,22342.8,22236.7,22140.9,22056.3,21985.9,21931.4,21894.5,21879.6,21889.6
ForArea,Chad,10975,10746.1,10377.2,10024.3,9686.8,9368.3,9068.4,8786.7,8525.6,8285
ForArea,"Congo, Republic of",22306,22239.1,22174.3,22197.1,22319.6,22495,22725.5,23012.6,23345.2,23723.3
ForArea,Cªte d'Ivoire,10402,10402,10406.1,10417.4,10436.2,10475.6,10538,10625.8,10744.3,10895.8
ForArea,Djibouti,6,6,6,6,6,6,6,6,6,6.1
ForArea,Egypt,75,77,80.6,84.4,88.4,92.6,97,101.6,106.4,111.4
ForArea,Equatorial Guinea,1544,1511.8,1461.2,1414.9,1372.5,1336.4,1306,1280.8,1260.8,1245.4
ForArea,Ethiopia,11344,10973.8,10389.6,9847.2,9344.4,8878.2,8446.6,8047.8,7683.4,7352
ForArea,Gabon,22000,22000,22008.6,22031.4,22068.2,22157.1,22295.6,22480.7,22711,22981.2
ForArea,Gambia,494,500,510.2,520.9,532.2,544.1,556.6,569.8,583.7,598.5
ForArea,Ghana,4181,3911.1,3506.3,3154.4,2848.4,2587.4,2365.6,2178.1,2022.8,1895.9
ForArea,Guinea,6301,6207,6057.1,5917.6,5788.7,5673.2,5571.8,5485.5,5414.2,5358.8
ForArea,Guinea-Bissau,1952,1922.9,1876.2,1832.2,1791,1752.9,1718,1686.4,1658.7,1635.1
ForArea,Kenya,3392,3361.6,3317.5,3285.3,3266.5,3259.3,3264.5,3282.7,3310.9,3349
ForArea,Lesotho,44,44.7,45.8,47,48.2,49.5,50.9,52.4,54,55.7
ForArea,Liberia,4121,4035.1,3900.9,3781,3677.1,3587.8,3514.1,3457.3,3415.1,3388
ForArea,Libyan Arab Jamahiriya,217,217,216.8,216.2,215.3,214.7,214.5,214.7,215.5,216.8
ForArea,Madagascar,12146,11964.7,11673.8,11399.4,11142.1,10900,10673.3,10462.3,10266.8,10087.2
ForArea,Malawi,3011,2921.6,2779.7,2647.1,2523.6,2408.8,2302.6,2204.8,2115.1,2033.3
ForArea,Mali,11951,11737.2,11399,11088.4,10806.4,10554.3,10333.5,10145.6,9986,9855.4
ForArea,Mauritania,208,195.8,177.4,161.5,147.8,136.1,126.1,117.7,110.8,105.2
ForArea,Mauritius,35,35,35,35,35,35.1,35.2,35.4,35.7,36
ForArea,Morocco,5202,5233.3,5290,5354.5,5427.3,5511.2,5606.7,5714.1,5834,5966.1
ForArea,Mozambique,37589,37028,36126.7,35275.5,34476.3,33727.4,33030.6,32387.9,31804.4,31283.3
ForArea,Niger,1121,1087.7,1034.9,985.5,939.4,896.4,856.5,819.5,785.4,754.1
ForArea,Nigeria,6492,5743.7,4710.7,3905.6,3278,2782.7,2391.6,2082.9,1838.4,1645.4
ForArea,R?union,93,95,98.4,101.9,105.5,109.2,113.1,117.1,121.3,125.6
ForArea,Rwanda,510,549.2,621.3,702.7,794.6,898.2,1014.9,1146.2,1293.5,1458.3
ForArea,Sao Tome and Principe,27,27,27,27,27.1,27.2,27.3,27.5,27.7,27.9
ForArea,Senegal,8191,8068.7,7874.9,7696.1,7532.3,7384.2,7251.9,7135.5,7037.7,6959
ForArea,Sierra Leone,2592,2537.9,2451.3,2369.6,2292.7,2220.2,2152.1,2088.3,2029.4,1975.4
ForArea,Somalia,6225,6021.8,5700.6,5401.8,5124.7,4867.4,4629.3,4409.8,4208.1,4023.9
ForArea,South Africa,9241,9241,9259.1,9306.7,9382.7,9486.5,9614.7,9762.7,9922,10089.2
ForArea,Sudan,69540,69331.6,69075.7,68982.2,69064.2,69304.4,69711.3,70292.1,71030.6,71929.7
ForArea,Swaziland,593,607.3,632.2,658.5,686.2,715.4,745.9,777.3,809.3,841.4
ForArea,"Tanzania, United Rep of",30675,29583.9,27865.6,26271.5,24793.2,23424.2,22157.2,20985.5,19914.7,18939.1
ForArea,Togo,169,141.3,104.8,77.7,57.6,42.8,31.9,23.9,18,13.6
ForArea,Tunisia,1126,1184.4,1287.9,1399,1518,1643.9,1776,1913.4,2055.2,2199.9
ForArea,Uganda,2418,2227.4,1943.9,1698.7,1486.5,1303.2,1144.9,1008,890.2,788.9
ForArea,"Congo, Dem Republic of",151970,151060,149555.4,148065.8,146591.1,145131,143685.5,142254.4,140837.5,139434.7
ForArea,Zambia,48347,47913.2,47234,46626.2,46092.1,45647.6,45297.4,45046.2,44910.1,44895
ForArea,Zimbabwe,13452,12660.9,11494.5,10524.4,9733.6,9130.2,8701.4,8431.4,8269,8195.1
ForArea,Bahamas,515,515,515.3,515.9,516.7,517.6,518.4,519.1,519.7,520.2
ForArea,Barbados,8,8,8,8,8,8,8,8,8,8
ForArea,Belize,1325,1297.4,1255.5,1219.7,1189.7,1164.4,1143.5,1126.7,1113.8,1104.5
ForArea,Canada,310134,310134,310210.6,310356.9,310521.5,310678.5,310817.4,310933.3,311032.3,311115
ForArea,Saint Lucia,1,1,1,1,1,1,1,1,1,1
ForArea,Costa Rica,2769,2844.4,2972.7,3103.1,3235,3366.8,3497.6,3626.4,3751.6,3872.2
ForArea,Cuba,3125,3248.5,3458.6,3668.8,3875.4,4082.6,4288.5,4491,4690.4,4885
ForArea,Dominica,45,44.5,43.7,43.2,42.9,42.7,42.6,42.5,42.5,42.6
ForArea,Dominican Republic,1972,1972,1974.4,1980.8,1991,2005.7,2024.5,2047,2072.4,2100.2
ForArea,El Salvador,259,247.5,230,214.5,200.8,189.1,179.3,171.1,164.5,159.3
ForArea,Guatemala,3280,3134.6,2919.3,2739.6,2591.5,2470.3,2373,2296.9,2238.6,2196
ForArea,Haiti,94,91.8,88.3,85.1,82.2,79.5,77.1,75,73.2,71.7
ForArea,Honduras,4401,4116.9,3693.4,3329.1,3016,2746.9,2516,2318.2,2149.5,2006.1
ForArea,Jamaica,335,334,333.4,334.5,337.2,340.7,345,350,355.3,360.9
ForArea,Martinique,49,49,49,49,49,49,49,49,49,49
ForArea,Mexico,63770,63388.1,62924.9,62726.4,62761.6,62974.6,63335,63809.8,64352.4,64939.7
ForArea,Netherlands Antilles,1,1,1,1,1,1,1,1,1,1
ForArea,Nicaragua,2652,2488.4,2243.3,2031.2,1847.8,1691.1,1557.8,1445.1,1350.7,1272.5
ForArea,Panama,3166,3128.2,3076,3039.3,3015.6,2998.9,2988.2,2982.5,2982,2985.3
ForArea,Saint Vincent/Grenadines,27,27.7,28.8,30,31.2,32.4,33.6,34.8,36,37.2
ForArea,Trinidad and Tobago,219,216.4,210.9,203.2,193.4,184.6,176.6,169.3,163.2,158.2
ForArea,United States of America,306548,307468.6,308737.4,309644.1,310276.7,310711,311001.7,311191.1,311319.6,311404.9
ForArea,Argentina,27756,27095.2,26175.2,25505.5,25041.5,24695.6,24448.8,24283.5,24183.3,24133.7
ForArea,Bolivia,55106,54283.5,53014.1,51899.4,50935.4,50188,49654,49329.2,49205.5,49273
ForArea,Brazil,504514,498484,490007.3,483900.7,479922.1,477634,476828.7,477291.5,479009.7,481634.4
ForArea,Chile,16487,16586.1,16765,16961.4,17168.8,17380.5,17589.7,17789.8,17980.7,18159.8
ForArea,Colombia,59754,59396.2,58918.9,58632.6,58529.1,58595,58819.3,59188.8,59699.8,60328.9
ForArea,Ecuador,8552,8073.7,7384.6,6831.5,6392.6,6034.7,5746,5516.4,5337,5200.4
ForArea,French Guiana,8063,8063,8063,8063,8063,8063,8063,8063,8063,8063
ForArea,Guyana,15205,15205,15222.5,15269.5,15346.2,15465.7,15627,15828.3,16063.9,16330
ForArea,Paraguay,16360,15874.1,15144.5,14526.8,14010.7,13612.4,13320,13121.4,12992.4,12923.3
ForArea,Peru,66973,66572,66072.9,65843.2,65866.1,66048,66377.6,66841.8,67414.4,68082.2
ForArea,Suriname,14739,14739,14771.1,14855.8,14990.6,15152.6,15340.4,15552.2,15784,16033.7
ForArea,Uruguay,2083,2262.9,2561,2832.7,3067.2,3285.4,3483.9,3660.3,3819.3,3960.2
ForArea,"Venezuela, Boliv Rep of",44304,43511.3,42221.5,40970,39755.6,38577.2,37433.7,36324.1,35247.4,34202.6
ForArea,Afghanistan,1350,1350,1350.4,1351.5,1353.4,1356.6,1361.3,1367.7,1376.5,1388.1
ForArea,Bahrain,1,1,1,1,1,1,1,1,1,1
ForArea,Bangladesh,1422,1413.5,1400.5,1389.4,1380.3,1373.6,1369.4,1367.9,1369.6,1374.7
ForArea,Bhutan,3324,3354,3411.5,3481.9,3565.3,3654.7,3749.9,3850.7,3957,4067.7
ForArea,Brunei Darussalam,366,360.5,347.4,326.1,296,269.3,245.6,224.5,208.5,196.4
ForArea,Cambodia,9236,8907.5,8413.3,7999.2,7667.6,7389.2,7162.4,6985.5,6837.2,6716.2
ForArea,China,227008,236676.4,252480.3,266704.1,278456.8,289370.3,299291.9,308103,316300.7,323845.4
ForArea,Cyprus,173,173,173.4,174.2,175.1,176,176.8,177.5,178.2,178.8
ForArea,Maldives,1,1,1,1,1,1,1,1,1,1
ForArea,India,69436,69853.4,70691.3,71802.7,73228.2,74808.1,76547.1,78446,80461.4,82592.7
ForArea,Indonesia,89751,87879.4,85320.3,83665,82880,82481.4,82435.5,82700.7,83197.9,83882.8
ForArea,"Iran, Islamic Rep of",11075,11075,11082.8,11103.9,11138.6,11192.3,11265.4,11358.4,11473.9,11612
ForArea,Iraq,825,825,828.8,838.4,852.3,867.2,882.7,898.6,914.6,930.6
ForArea,Israel,154,153.5,152.7,151.7,150.6,149.7,149,148.5,148.1,147.8
ForArea,Japan,25024,25024,25028.6,25039.5,25055,25074.9,25096.8,25118.9,25140,25159.3
ForArea,Jordan,98,98,98.3,99,100.1,101.5,103.1,104.9,106.8,108.8
ForArea,"Korea, Dem People's Rep",4832,4533.9,4077.4,3666.9,3297.7,2965.7,2667.1,2398.6,2157.1,1939.9
ForArea,"Korea, Republic of",6176,6157.5,6128,6100.6,6075.2,6056,6042.1,6032.7,6027.2,6024.9
ForArea,Kuwait,6,6,6,6,6,6,6,6,6,6
ForArea,Laos,15207,14980,14627.6,14315,14042,13798.6,13584.2,13398.4,13243.8,13120
ForArea,Lebanon,137,137,137.2,137.7,138.4,139.4,140.6,142,143.6,145.4
ForArea,Timor-Leste,668,640.3,596.7,556.1,518.2,482.9,450,419.4,390.9,364.3
ForArea,Malaysia,19864,19626.6,19287.4,19032.7,18853.6,18750,18710.5,18723.6,18764.8,18829.2
ForArea,Mongolia,10345,10129.3,9810,9552.3,9354,9191.8,9063.9,8968.6,8902.9,8865.1
ForArea,Myanmar,29631,28750.9,27394.9,26200.6,25169,24250.8,23442.7,22741.7,22135.8,21622.3
ForArea,Nepal,3636,3636,3637.5,3641.8,3649.2,3660.7,3676.8,3698,3726.4,3763
ForArea,Oman,2,2,2,2,2,2,2,2,2,2
ForArea,Pakistan,1404,1305.3,1157.5,1028.8,916.7,820.6,738.3,668.1,608.8,559.1
ForArea,Philippines,8051,8221.3,8518,8833.8,9169.5,9525.8,9902.5,10298.2,10710.6,11137.3
ForArea,Qatar,1,1,1,1,1,1,1,1,1,1
ForArea,Saudi Arabia,977,977,976.8,976.2,975.3,975.9,977.8,980.6,984,987.8
ForArea,Singapore,2,2,2,2,2,2,2,2,2,2
ForArea,Sri Lanka,1760,1718.1,1651,1587.3,1526.8,1473.7,1427.6,1388.1,1357.2,1334.4
ForArea,Syrian Arab Republic,535,556.1,593.2,632.8,675,720,768,819.2,873.9,932.2
ForArea,Thailand,19085,19142.3,19269.1,19446.7,19672.4,19945.7,20259.9,20606.1,20973.3,21348.5
ForArea,Turkey,12195,12601.9,13290.5,13977.8,14654.7,15317.5,15957.6,16566.3,17138.5,17667.2
ForArea,United Arab Emirates,324,326.9,331.1,334.3,336.7,338.6,340.1,341.3,342.3,343.1
ForArea,Viet Nam,14843,15338.2,16205.2,17124.5,18086,19092.7,20142.2,21230.8,22359.3,23523.9
ForArea,Yemen,549,549,550.2,554.1,561.6,570.6,581.1,593.2,606,619.4
ForArea,Australia,142966,140408,137453.3,135909.5,135155.7,134679.7,134387.9,134214.8,134092.3,134006.9
ForArea,Cook Islands,16,16,16,16,16,16,16,16,16,16
ForArea,Fiji Islands,1036,1045.4,1063.7,1086,1111.1,1137.2,1163.7,1189.9,1215.6,1240.3
ForArea,French Polynesia,193,214.6,256.1,305.6,364.7,435.2,519.4,619.9,739.8,882.9
ForArea,New Caledonia,839,839,839,839,839,839,839,839,839,839
ForArea,New Zealand,8212,8187.4,8155.8,8136.2,8124.8,8117.9,8114.1,8112.3,8111.5,8111.4
ForArea,Papua New Guinea,27737,27323,26739.6,26337.8,26125.8,25995.2,25944.4,25971.4,26059.3,26205.8
ForArea,Samoa,171,171,171.3,172.2,173.7,175.7,178.1,180.9,184,187.4
ForArea,Solomon Islands,2171,2151.5,2124,2105.3,2096.1,2092.2,2093.7,2100.7,2113.2,2131.3
ForArea,Tonga,9,9,9,9,9,9.1,9.2,9.3,9.4,9.5
ForArea,Vanuatu,440,440,440.7,442.7,446.1,450.4,455.6,461.7,468.6,476.4
ForArea,Albania,768,763.4,757.2,753.3,751.8,752.4,755.1,759.8,766.1,774
ForArea,Austria,3920,3931.8,3950.5,3967.7,3983.4,3996.6,4007.6,4016.6,4023.7,4029.2
ForArea,Belgium,686,690.1,695,697.5,698.7,699.4,699.8,700,700.1,700.2
ForArea,Bosnia and Herzegovina,2185,2185,2192.4,2211.6,2241.1,2274.5,2311.2,2350.5,2391.5,2433.7
ForArea,Bulgaria,4331,4528.8,4868.1,5211.8,5554.9,5906.9,6266.1,6630.5,7000.7,7375
ForArea,Croatia,1944,1955.7,1977,2000.8,2026.4,2052.9,2080,2107.2,2134.3,2161
ForArea,Czech Republic,2672,2680,2693.7,2707.9,2722.7,2739,2756.5,2774.8,2793.6,2812.6
ForArea,Denmark,558,564.7,575.2,584.4,592.5,598.6,603.1,606.4,608.7,610.3
ForArea,Finland,22157,22157,22161.6,22170.3,22180,22189.1,22197,22203.5,22208.8,22213
ForArea,France,16291,16438.1,16629,16746.9,16813.8,16855.7,16880.6,16894.5,16903.7,16909.6
ForArea,Germany,11076,11076,11076.5,11077.9,11080,11084.1,11089.4,11095.2,11100.9,11106.2
ForArea,Greece,4118,4217.6,4373.1,4506.8,4617.1,4707.9,4780,4834.9,4879.8,4915.7
ForArea,Hungary,2095,2126.6,2179.3,2230.8,2279.9,2327.2,2372.2,2414.4,2454.1,2491.1
ForArea,Luxembourg,87,87,87,87,87,87,87,87,87,87
ForArea,Ireland,803,832.3,867.1,885.3,894,898.9,901.5,902.8,903.6,904.1
ForArea,Italy,9715,9979.7,10318.3,10515,10615.7,10677,10711.9,10730.4,10742.7,10750.6
ForArea,"Macedonia,The Fmr Yug Rp",1032,1047.6,1075.7,1106.7,1139.8,1173.8,1208.3,1242.7,1277.1,1311.2
ForArea,Montenegro,543,543,544,546.6,550.6,555.7,561.8,568.8,576.3,584.3
ForArea,Netherlands,365,365,365.1,365.2,365.3,365.4,365.5,365.6,365.6,365.6
ForArea,Norway,10618,10874.9,11170.2,11317.5,11385.2,11423.6,11444.6,11455.6,11462.4,11466.5
ForArea,Poland,9530,9616,9767.5,9925.9,10083.3,10239.7,10393.8,10544.4,10691.3,10833.6
ForArea,Portugal,3483,3493.5,3514.2,3537,3558.2,3575.7,3588.6,3597,3603.2,3607.6
ForArea,Romania,6837,6960.8,7172.1,7389.9,7614.3,7845.5,8083.7,8329.1,8582,8842.6
ForArea,Slovakia,1933,1933,1934,1936.7,1940.8,1946.7,1954.1,1962.8,1972.7,1983.5
ForArea,Slovenia,1268,1275.6,1288.4,1301.3,1314.4,1327.5,1340.5,1353.2,1365.5,1377.2
ForArea,Spain,19442,20031.1,20876.5,21496.3,21922.8,22238.6,22463.6,22617.6,22732.7,22816.8
ForArea,Sweden,28203,28203,28208.1,28214.7,28219.3,28222.6,28224.7,28225.9,28226.8,28227.4
ForArea,Switzerland,1274,1289.3,1310.7,1326.3,1337.4,1344.4,1348.7,1351.3,1352.8,1353.7
ForArea,United Kingdom,2934,2960.5,2993.7,3012.8,3022.8,3028.7,3031.9,3033.6,3034.6,3035.2
ForArea,Serbia,3067,3245.2,3549.8,3849.7,4132.2,4414.4,4692.3,4961.8,5229.7,5493.9
ForArea,Armenia,235,224.6,210.3,200.4,194.5,189.6,185.6,182.4,179.7,177.4
ForArea,"Azerbaijan, Republic of",936,936,938,943.5,952.4,962,972.3,983.3,995.5,1008.9
ForArea,Belarus,8914,9048.4,9284.2,9537.5,9807.7,10088.8,10380.9,10684.1,10998.6,11324.2
ForArea,Estonia,2169,2149.5,2123.2,2105.5,2094.6,2086.7,2081.4,2078.2,2076.5,2076.1
ForArea,Georgia,2723,2714.8,2716.2,2741.9,2785.9,2831.2,2877.8,2925.7,2975.4,3026.8
ForArea,Kazakhstan,3267,3247.4,3225.1,3218.4,3225.1,3234.9,3247.7,3263.3,3282,3303.6
ForArea,Kyrgyzstan,1079,1141.7,1253,1371,1491.2,1617.9,1750.1,1886.5,2030.7,2182.7
ForArea,Latvia,3431,3462,3515.4,3569,3619.7,3669,3716.4,3761.6,3805,3846.3
ForArea,Lithuania,2218,2244.7,2289,2331.5,2370.9,2409.4,2447,2483.5,2518.9,2553.1
ForArea,"Moldova, Republic of",421,436.3,463.1,490.6,516.6,542.3,567.2,590.7,614.1,637.3
ForArea,Russian Federation,809390,809390,810849.7,814534.2,820143.9,826650.5,833964.1,841988.3,850597,859694.9
ForArea,Tajikistan,410,410,410.8,413.6,419.2,425.8,433.4,442.1,451.4,461.2
ForArea,Turkmenistan,4127,4127,4144.2,4186.8,4247.4,4312.2,4380,4449.7,4520.2,4591.1
ForArea,Ukraine,9894,9983.3,10154.3,10365.5,10619.6,10891.9,11182.6,11491.5,11813.8,12149.7
ForArea,Uzbekistan,3249,3239.3,3237.3,3264.1,3321.1,3385.2,3455.5,3530.9,3608.9,3689.3
